cst_id,first_name,last_name
0,Yvonne,Slaughter
1,Margaret,Dickenson
2,David,Shepherd
3,Tyrone,Avellaneda
4,Adam,King
5,Albert,Brown
6,Ruth,Brister
7,Herschel,Dodson
8,Charles,Morris
9,James,Hoyt
10,Edward,Mahabir
11,Irma,Cano
12,Richard,Hammond
13,Matthew,Means
14,Ernest,Pickard
15,Barbara,Deleon
16,Justin,Koewler
17,Andres,Duncan
18,Theodore,Howard
19,Anita,Garrett
20,William,Michell
21,Dolores,Darnell
22,Oralee,Hawkins
23,Crystal,Patton
24,James,Harris
25,Matthew,Wood
26,Henry,Bridges
27,Vicki,Drayton
28,Jason,Wheatley
29,Teresa,Lubin
30,Sonia,Paredes
31,Benjamin,Brown
32,Miguel,Taylor
33,Lauren,Mosier
34,Shanika,Merrell
35,Derick,Campbell
36,David,Gochal
37,Michael,Tassin
38,Julio,Tamashiro
39,Shelley,Black
40,Linda,Garcia
41,Sandra,Davila
42,Gena,Eyler
43,Ryan,Martinez
44,Susan,Charles
45,George,Kuhn
46,Paul,Freeman
47,Jason,Walls
48,Tiffany,Lester
49,John,Rubio
50,Evelyn,Lallo
51,Ana,Dendy
52,Daniel,Romriell
53,Ethel,Hiott
54,Margie,Morant
55,Edmund,Vandiver
56,Francis,Mitchum
57,Kelli,Mitchell
58,Craig,Parr
59,Genevieve,Volpe
60,Emily,Barnett
61,Maryann,Byrne
62,Michael,Johnson
63,Rafael,Bolds
64,Carmen,Pennell
65,Mary,Shoemaker
66,Eva,Sanderson
67,Steven,Neuhoff
68,Muriel,Hudson
69,Jan,Claytor
70,Adam,Cortez
71,Deidra,Ramos
72,Tracy,Ehsan
73,Sidney,Murray
74,Evelyn,Tran
75,Shannon,Obrien
76,Chris,Pellegrini
77,Toby,Ceballos
78,Brian,Haley
79,Victoria,Espinal
